,game_name,url_img
0,The Legend of Zelda: Ocarina of Time,
1,Super Mario Galaxy,
2,Super Mario Galaxy 2,
3,Metroid Prime,
4,Super Mario Odyssey,
5,Halo: Combat Evolved,
6,The House in Fata Morgana - Dreams of the Revenants Edition -,
7,NFL 2K1,
8,Uncharted 2: Among Thieves,
9,Tekken 3,
10,The Legend of Zelda: The Wind Waker,
11,Gran Turismo,
12,Metal Gear Solid 2: Sons of Liberty,
13,Grand Theft Auto Double Pack,
14,Baldur's Gate II: Shadows of Amn,
15,Tetris Effect: Connected,
16,The Legend of Zelda Collector's Edition,
17,Gran Turismo 3: A-Spec,
18,The Legend of Zelda: A Link to the Past,
19,The Legend of Zelda: Majora's Mask,
20,The Last of Us,
21,Persona 5 Royal,
22,The Last of Us Remastered,
23,The Legend of Zelda: Ocarina of Time 3D,
24,Chrono Cross,
25,Gears of War,
26,Sid Meier's Civilization II,
27,Halo 3,
28,Ninja Gaiden Black,
29,Super Mario Advance 4: Super Mario Bros. 3,
30,Jet Grind Radio,
31,Grim Fandango,
32,Resident Evil Code: Veronica,
33,Diablo,
34,Metal Gear Solid 3: Subsistence,
35,Metal Gear Solid 4: Guns of the Patriots,
36,Sid Meier's Civilization IV,
37,Virtua Fighter 4,
38,Super Mario 64,
39,Super Smash Bros. Brawl,
40,Company of Heroes,
41,Gran Turismo 2,
42,The Last of Us Part II,
43,Half-Life: Alyx,
44,Divinity: Original Sin II,
45,Unreal Tournament 2004,
46,God of War II,
47,Super Mario 3D World,
48,Starcraft II: Wings of Liberty,
49,Minecraft,
50,Persona 4 Golden,
51,Persona 5,
52,Quake III Arena,
53,Homeworld,
54,Gears of War 2,
55,World Soccer Winning Eleven 6 International,
56,Skies of Arcadia,
57,The Legend of Zelda: Skyward Sword,
58,Mario Kart Super Circuit,
59,Test Drive Le Mans,
60,NBA 2K1,
61,Virtua Fighter 4: Evolution,
62,Uncharted 4: A Thief's End,
63,Super Smash Bros. Ultimate,
64,Paper Mario,
65,Wipeout XL,
66,World of Warcraft,
67,Flipnote Studio,
68,God of War III,
69,NHL 2002,
70,Uncharted 3: Drake's Deception,
71,Bloodborne,
72,Eternal Darkness: Sanity's Requiem,
73,Warcraft III: Reign of Chaos,
74,Sid Meier's Gettysburg!,
75,Forza Motorsport,
76,Advance Wars,
77,Vagrant Story,
78,Team Fortress 2,
79,System Shock 2,
80,Final Fantasy XII,
81,Super Mario World: Super Mario Advance 2,
82,Super Smash Bros. Melee,
83,Rome: Total War,
84,Forza Motorsport 3,
85,Super Mario Sunshine,
86,Tony Hawk's Pro Skater,
87,Thief: The Dark Project,
88,Fire Emblem: Awakening,
89,Age of Empires II: The Age of Kings,
90,Final Fantasy X,
91,Unreal Tournament (1999),
92,Sid Meier's Alpha Centauri,
93,Wave Race 64,
94,Galactic Civilizations II: Twilight of the Arnor,
95,Super Smash Bros. for Wii U,
96,Chrono Trigger,
97,Xenoblade Chronicles,
98,Conker's Bad Fur Day,
99,Mario Kart 8 Deluxe,
100,The ICO & Shadow of the Colossus Collection,
101,Metroid Prime 2: Echoes,
102,Out of the Park Baseball 17,
103,Metroid Fusion,
104,Final Fantasy VI Advance,
105,Dishonored,
106,Medal of Honor: Allied Assault,
107,Myth: The Fallen Lords,
108,LittleBigPlanet 2,
109,Psychonauts 2,
110,Guitar Hero,
111,World of Warcraft: Wrath of the Lich King,
112,Metroid Prime Trilogy,
113,F1 Challenge '99-'02,
114,Baldur's Gate,
115,Klonoa 2: Lunatea's Veil,
116,IL-2 Sturmovik,
117,Mario Tennis,
118,FreeSpace 2,
119,Colony Wars,
120,Ratchet & Clank: Up Your Arsenal,
121,Resident Evil (2002),
122,Metal Gear Solid 3: Snake Eater,
123,Twisted Metal: Black,
124,Spyro: Year of the Dragon,
125,Tomb Raider,
126,Factorio,
127,Resident Evil 4: Wii Edition,
128,Peggle,
129,The Legend of Zelda: Ocarina of Time / Master Quest,
130,Sonic Mania Plus,
131,Kentucky Route Zero - Act III,
132,Crysis,
133,Ninja Gaiden,
134,God of War: Chains of Olympus,
135,DOA2: Hardcore,
136,World of Warcraft: The Burning Crusade,
137,Yoshi's Island: Super Mario Advance 3,
138,The Longest Journey,
139,Star Wars Jedi Knight: Dark Forces II,
140,Halo: Reach,
141,Galactic Civilizations II: Dark Avatar,
142,Mass Effect,
143,Crusader Kings III,
144,Forza Motorsport 4,
145,Battlefield 2,
146,Planescape: Torment,
147,Gears of War 3,
148,Killzone 2,
149,Neverwinter Nights,
150,Castlevania: Aria of Sorrow,
151,No One Lives Forever 2: A Spy in H.A.R.M.'s Way,
152,Legacy of Kain: Soul Reaver,
153,Dragon Age: Origins,
154,Golden Sun,
155,Disco Elysium,
156,SteamWorld Heist: Ultimate Edition,
157,The Legend of Zelda: A Link Between Worlds,
158,NieR: Automata - Game of the YoRHa Edition,
159,Castlevania: Circle of the Moon,
160,Shovel Knight: Treasure Trove,
161,flower,
162,Mario Kart DS,
163,Call of Duty,
164,Mario Golf,
165,Crash Bandicoot 3: Warped,
166,Project Gotham Racing 2,
167,Animal Crossing: New Horizons,
168,World of Warcraft: Cataclysm,
169,Rayman 2: The Great Escape,
170,Diablo III: Ultimate Evil Edition,
171,ICO,
172,Mario & Luigi: Superstar Saga,
173,Ape Escape,
174,Syphon Filter,
175,Mario & Luigi: Bowser's Inside Story,
176,Trials Evolution,
177,Grand Theft Auto IV: The Lost and Damned,
178,Ratchet & Clank: Going Commando,
179,NBA Street Vol. 2,
180,Tennis 2K2,
181,Black & White,
182,The Legend of Zelda: The Wind Waker HD,
183,Portal,
184,Tetris Effect,
185,The Legend of Zelda: Phantom Hourglass,
186,Dance Dance Revolution,
187,Advance Wars: Dual Strike,
188,NieR: Automata - Become as Gods Edition,
189,Jak and Daxter: The Precursor Legacy,
190,Star Wars Rogue Leader: Rogue Squadron II,
191,Stephen's Sausage Roll,
192,NCAA Football 2002,
193,Deus Ex,
194,Donkey Kong 64,
195,Panzer Dragoon Orta,
196,Portal: Still Alive,
197,Half-Life 2: Episode Two,
198,The Chronicles of Riddick: Escape From Butcher Bay - Developer's Cut,
199,Shin Megami Tensei: Persona 4,
200,Hollow Knight,
201,Blast Corps,
202,Sid Meier's Civilization III,
203,NFL 2K2,
204,WWF SmackDown! 2: Know Your Role,
205,Silent Hunter III,
206,Dead Space 2,
207,Pikmin 2,
208,Geometry Wars: Retro Evolved 2,
209,Sid Meier's Civilization V,
210,Super Mario 3D Land,
211,Mario Kart 8 DLC Pack 2,
212,Falcon 4.0: Allied Force,
213,Deus Ex: Human Revolution,
214,Metroid Prime 3: Corruption,
215,Flight Simulator 2002,
216,Banjo-Tooie,
217,Uncharted: Drake's Fortune,
218,Warcraft III: The Frozen Throne,
219,Tactics Ogre: The Knight of Lodis,
220,Starcraft,
221,The Last of Us: Left Behind,
222,Star Wars Pinball: Balance of the Force,
223,The Secret of Monkey Island: Special Edition,
224,Project Gotham Racing 3,
225,The World Ends with You,
226,Dishonored 2,
227,Injustice 2: Legendary Edition,
228,Divinity: Original Sin Enhanced Edition,
229,Minecraft: Xbox One Edition,
230,JSRF: Jet Set Radio Future,
231,Red Faction,
232,Myth II: Soulblighter,
233,Ninja Gaiden Sigma,
234,Fire Emblem Fates: Special Edition,
235,Pinball FX 2,
236,Final Fantasy Tactics: The War of the Lions,
237,NHL 11,
238,Wario Land 4,
239,Metroid Dread,
240,The Elder Scrolls III: Morrowind Game of the Year Edition,
241,WarioWare: Twisted!,
242,Halo: The Master Chief Collection - Halo 3,
243,Pokemon Y,
244,Return to Castle Wolfenstein,
245,Ratchet & Clank: Rift Apart,
246,NBA Street,
247,Shogo: Mobile Armor Division,
248,Thirty Flights of Loving,
249,Hearthstone: Heroes of Warcraft,
250,Unity of Command II,
251,Ghost of Tsushima: Director's Cut,
252,Grand Theft Auto: Liberty City Stories,
253,Medieval II: Total War,
254,Super Mario Maker 2,
255,Sly 2: Band of Thieves,
256,Doom 3,
257,Tekken: Dark Resurrection,
258,The Stanley Parable,
259,Slay the Spire,
260,Guacamelee! Gold Edition,
261,Counter-Strike: Source,
262,Fire Emblem,
263,Fire Emblem Fates: Revelation,
264,Need for Speed: High Stakes,
265,Street Fighter III: Third Strike Online Edition,
266,Professor Layton and the Unwound Future,
267,We Love Katamari,
268,Worldwide Soccer Manager 2008,
269,Dance Central 2,
270,Sly Cooper and the Thievius Raccoonus,
271,IL-2 Sturmovik: Forgotten Battles,
272,DiRT 3,
273,Minecraft: PlayStation 3 Edition,
274,Devotion,
275,The Legend of Zelda: Four Swords Adventures,
276,Joe Danger,
277,Tales of Symphonia,
278,Unreal Tournament 2003,
279,Age of Wonders II: The Wizard's Throne,
280,Daytona USA,
281,Links 2001,
282,EverQuest: The Ruins of Kunark,
283,Full Throttle,
284,Katamari Damacy,
285,The Lord of the Rings Online: Shadows of Angmar,
286,Grand Theft Auto: Vice City Stories,
287,Pony Island,
288,"Warhammer 40,000: Dawn of War",
289,MLB The Show 19,
290,Tales From Space: Mutant Blobs Attack,
291,Max Payne 3,
292,Skate,
293,Warhammer Online: Age of Reckoning,
294,NHL 12,
295,Dead Space (2008),
296,Advance Wars: Days of Ruin,
297,The Elder Scrolls IV - Knights of the Nine,
298,Final Fantasy IV Pixel Remaster,
299,Forza Horizon 2,
300,Monster Train,
301,Crypt of the NecroDancer: Nintendo Switch Edition,
302,Moto Racer Advance,
303,Command & Conquer: Red Alert 2 - Yuri's Revenge,
304,Europa Universalis,
305,IL-2 Sturmovik: 1946,
306,Luigi's Mansion 3,
307,Dance Central 3,
308,Shatter,
309,Luigi's Mansion: Dark Moon,
310,Psychonauts,
311,Dragon Quest XI: Echoes of an Elusive Age,
312,F-Zero: Maximum Velocity,
313,Destiny: The Taken King,
314,Heroes of the Storm,
315,The Binding of Isaac: Afterbirth +,
316,Super Smash Bros. for Nintendo 3DS,
317,Medieval II: Total War Kingdoms,
318,DJMax Respect,
319,Resogun: Defenders,
320,The Legend of Zelda: Four Swords Anniversary Edition,
321,Maboshi's Arcade,
322,Peggle Deluxe,
323,WWE SmackDown! Here Comes the Pain,
324,Hot Shots Golf 3,
325,Monopoly Tycoon,
326,Sam & Max Episode 204: Chariots of the Dogs,
327,Machinarium,
328,Nioh 2,
329,Frozen Synapse,
330,Champions of Norrath,
331,The Witcher 3: Wild Hunt - Complete Edition,
332,Freelancer,
333,Bayonetta & Vanquish,
334,Zenzizenzic,
335,NBA Jam: On Fire Edition,
336,Galactic Civilizations III: Crusade,
337,Final Fantasy IV Advance,
338,Robo Recall,
339,Super Stardust HD,
340,Super Paper Mario,
341,Star Wars: Rogue Squadron,
342,Professor Layton and the Curious Village,
343,AudioSurf,
344,Super Mario 64 DS,
345,Dead Rising,
346,MLB The Show 17,
347,AMID EVIL,
348,Mario Kart 7,
349,Halo: The Master Chief Collection,
350,Batman: The Enemy Within - Episode 5: Same Stitch,
351,NCAA Football 11,
352,Phantasy Star Online Episode I & II,
353,Persona 4 Arena Ultimax,
354,Pikmin 3 Deluxe,
355,Fire Emblem: Path of Radiance,
356,Super Mega Baseball,
357,DDRMAX: Dance Dance Revolution,
358,F355 Challenge,
359,The Elder Scrolls III: Bloodmoon,
360,Boom Blox,
361,Maximo: Ghosts to Glory,
362,BlazBlue: Central Fiction,
363,80 DAYS,
364,Hearthstone: Heroes of Warcraft - Goblins Vs. Gnomes,
365,MotorStorm,
366,WHAT THE GOLF?,
367,God of War: Origins Collection,
368,Xenogears,
369,Space Rangers 2: Rise of the Dominators,
370,Tetris DS,
371,Shin Megami Tensei: Devil Survivor,
372,Battlefield 3,
373,Monster Hunter Tri,
374,Return to Castle Wolfenstein: Tides of War,
375,Heroes of Might and Magic IV,
376,Command & Conquer: Red Alert 2,
377,Shogun: Total War,
378,Mega Man X Legacy Collection,
379,Rayman Legends: Definitive Edition,
380,Shin Megami Tensei: Devil Survivor 2 Record Breaker,
381,Gears of War 4,
382,Halo 5: Guardians,
383,Football Manager 2012,
384,Inscryption,
385,ZEN Pinball 2: South Park: Super-Sweet Pinball,
386,Trine 2: Director's Cut,
387,Guild Wars Factions,
388,Guacamelee!,
389,No More Heroes 2: Desperate Struggle,
390,LEGO Star Wars II: The Original Trilogy,
391,80 Days (2015),
392,Spore,
393,Unity of Command,
394,Colin McRae Rally 04,
395,Skies of Arcadia Legends,
396,Fear Effect 2: Retro Helix,
397,Sega GT,
398,Kingdom: Two Crowns,
399,Hearthstone: Heroes of Warcraft - The Grand Tournament,
400,Eliza,
401,"Time Gentlemen, Please!",
402,Horizon Zero Dawn: Complete Edition,
403,Mushihimesama,
404,Mario & Luigi: Bowser's Inside Story + Bowser Jr.'s Journey,
405,Total War: WARHAMMER II - Rise of the Tomb Kings,
406,Guilty Gear -Strive-,
407,Frozen Synapse Prime,
408,Killzone 3,
409,Devil May Cry 3: Dante's Awakening,
410,Professor Layton and the Diabolical Box,
411,Europa Universalis IV: Wealth of Nations,
412,Disciples II: Dark Prophecy,
413,Silent Hill 2: Restless Dreams,
414,Frostpunk,
415,Football Manager 2020,
416,Polybius,
417,Crysis Warhead,
418,Uncharted: The Lost Legacy,
419,Tom Clancy's Rainbow Six 3: Black Arrow,
420,Griftlands,
421,ZEN Pinball 2: Aliens Vs. Pinball,
422,Bit.Trip Complete,
423,Classic NES Series: Super Mario Bros.,
424,Age of Mythology: The Titans,
425,SimCity 4,
426,Sega Soccer Slam,
427,Spider-Man: Mysterio's Menace,
428,Super Mario Advance,
429,Microsoft Train Simulator,
430,San Francisco Rush 2049,
431,WipeOut 64,
432,Dead or Alive,
433,Magic: The Gathering Arena,
434,Lair of the Clockwork God,
435,"Snipperclips Plus: Cut It Out, Together!",
436,Tails Of Iron,
437,Hatsune Miku: Project Diva Future Tone - Colorful Tone,
438,Hatsune Miku: Project Diva Future Tone - Future Sound,
439,Dark Void Zero,
440,Etrian Odyssey IV: Legends of the Titan,
441,Black Mesa,
442,Rise of Nations: Rise of Legends,
443,FRU,
444,FTL: Faster Than Light,
445,Dragon Quest V: Hand of the Heavenly Bride,
446,Xenoblade Chronicles X,
447,Ace Combat 5: The Unsung War,
448,Guacamelee! 2,
449,Resogun,
450,DEFCON: Everybody Dies,
451,Tom Clancy's The Division 2,
452,Pinball FX 2: Marvel Pinball - Vengeance and Virtue,
453,NASCAR: Dirt to Daytona,
454,Puyo Pop,
455,Rayman Advance,
456,Saints Row: The Third,
457,Gran Turismo 5,
458,Tron 2.0,
459,NieR: Automata,
460,Marvel's Spider-Man: Miles Morales,
461,Pokemon Ultra Moon,
462,The Darkside Detective: A Fumble in the Dark,
463,Danmaku Unlimited 3,
464,Nioh: Complete Edition,
465,Half-Minute Hero,
466,Madden NFL 11,
467,Age of Empires II: Definitive Edition,
468,Sega Ages: Fantasy Zone,
469,Mutant Mudds Deluxe,
470,The Lord of the Rings: The Battle for Middle-Earth II,
471,Classic NES Series: The Legend of Zelda,
472,Battlefield Vietnam,
473,Medieval: Total War - Viking Invasion,
474,NBA 2K3,
475,Dance Dance Revolution Konamix,
476,Street Fighter III: 3rd Strike,
477,Tom Clancy's Ghost Recon 2 Summit Strike,
478,Baba Is You,
479,Guild Wars Nightfall,
480,Lara Croft GO,
481,Disgaea 2: Cursed Memories,
482,Minecraft: PlayStation Vita Edition,
483,Bit.Trip Presents...Runner2: Future Legend of Rhythm Alien,
484,The Binding of Isaac,
485,Warhawk,
486,Valkyrie Profile 2: Silmeria,
487,New Super Mario Bros. U,
488,PixelJunk Monsters: Ultimate HD,
489,Rift,
490,Zero Escape: Virtue's Last Reward,
491,Project CARS 2,
492,Child of Eden,
493,Shift 2: Unleashed,
494,Sid Meier's Civilization IV: Warlords,
495,The Blackwell Epiphany,
496,The Lord of the Rings Online: Siege of Mirkwood,
497,One Finger Death Punch 2,
498,Retro City Rampage DX,
499,Out of the Park Baseball 10,
